27	24	74	357	0	1	3	1035	1035	1035	1035	255	31	0	0	Black City	4	64	48	64	236	357	11	160	42	0	38
16	24	283	13	2	3	4	1060	1060	1060	1060	255	223	1	0	Black City	0	0	6	33	73	13	15	160	5	0	4
16	24	314	209	4	5	5	1035	1035	1035	1035	255	223	2	0	Black City	4	0	0	33	73	209	15	160	5	0	4
16	24	282	44	6	7	6	1035	1035	1035	1035	255	223	3	0	Black City	0	0	0	33	73	44	15	160	5	0	4
16	24	282	44	8	9	7	1035	1035	1035	1035	255	223	4	0	Black City	0	0	0	33	73	44	15	160	5	0	4
16	24	314	213	10	11	8	1035	1035	1035	1035	255	223	5	0	Black City	0	0	0	33	73	213	15	160	5	0	4
0	1	6	0	12	13	12	1026	1026	1026	1026	0	0	6	6	Striaton City	4	64	0	64	236	0	11	160	781	0	589
0	24	288	374	14	15	13	1026	1026	1026	1026	255	223	7	6	Striaton City	0	0	0	33	73	65535	15	160	5	0	4
16	24	283	13	16	17	14	1060	1060	1060	1060	255	223	8	6	Striaton City	0	0	6	33	73	13	15	160	5	0	4
16	24	282	26	18	19	15	1026	1026	1026	1026	255	223	9	6	Striaton City	4	0	0	37	73	26	15	160	5	0	4
16	24	285	134	20	21	16	1026	1026	1026	1026	255	223	10	6	Striaton City	0	0	0	33	73	134	15	160	5	0	4
16	24	282	26	22	23	17	1026	1026	1026	1026	255	223	11	6	Striaton City	0	0	0	37	73	26	15	160	5	0	4
16	24	282	27	24	25	18	1026	1026	1026	1026	255	223	12	6	Striaton City	0	0	0	33	73	27	15	160	5	0	4
16	24	282	26	26	27	19	1026	1026	1026	1026	255	223	13	6	Striaton City	0	0	0	37	73	26	15	160	5	0	4
16	24	289	32	28	29	20	1026	1026	1026	1026	255	223	14	6	Striaton City	0	0	0	33	73	32	15	160	5	0	4
16	24	282	29	30	31	21	1026	1026	1026	1026	255	223	15	6	Striaton City	0	0	0	33	73	29	15	160	5	0	4
0	2	10	0	32	33	22	1027	1027	1027	1027	255	31	16	16	Nacrene City	4	64	0	64	236	0	11	160	637	0	599
0	24	287	52	34	35	23	1027	1027	1027	1027	255	223	17	16	Nacrene City	0	0	0	33	73	65535	15	160	5	0	4
0	24	390	377	36	37	24	1027	1027	1027	1027	255	223	18	16	Nacrene City	0	0	0	33	73	65535	15	160	5	0	4
0	24	390	378	38	39	25	1027	1027	1027	1027	255	223	19	16	Nacrene City	0	0	0	33	73	65535	15	160	5	0	4
0	24	283	13	40	41	26	1060	1060	1060	1060	255	223	20	16	Nacrene City	0	0	6	33	73	13	15	160	5	0	4
16	24	288	169	42	43	27	1027	1027	1027	1027	255	223	21	16	Nacrene City	0	0	0	33	73	169	15	160	5	0	4
16	24	288	31	44	45	28	1027	1027	1027	1027	255	223	22	16	Nacrene City	0	0	0	33	73	31	15	160	5	0	4
16	24	288	31	46	47	29	1027	1027	1027	1027	255	223	23	16	Nacrene City	0	0	0	33	73	31	15	160	5	0	4
16	24	288	31	48	49	30	1027	1027	1027	1027	255	223	24	16	Nacrene City	0	0	0	33	73	31	15	160	5	0	4
16	24	288	49	50	51	31	1027	1027	1027	1027	255	223	25	16	Nacrene City	0	0	0	33	73	49	15	160	5	0	4
16	24	288	30	52	53	32	1027	1027	1027	1027	255	223	26	16	Nacrene City	0	0	0	33	73	30	15	160	5	0	4
16	24	316	50	54	55	33	1065	1065	1065	1065	255	223	27	321	Nacrene Gate	0	0	0	34	77	65535	15	160	5	0	4
2	24	18	132	56	57	34	1028	1028	1028	1028	255	31	28	28	Castelia City	4	64	4	64	236	416	11	64	3	8	1
0	24	302	56	58	59	35	1098	1098	1098	1098	255	223	29	28	Castelia City	0	0	80	37	73	65535	15	64	5	0	4
14	24	186	1	60	61	37	1028	1028	1028	1028	255	31	31	28	Castelia City	0	64	14	64	236	65535	15	64	0	0	0
16	24	186	2	62	63	38	1028	1028	1028	1028	255	223	32	28	Castelia City	0	64	16	64	236	417	15	64	0	0	0
16	24	186	3	64	65	39	1028	1028	1028	1028	255	223	33	28	Castelia City	4	64	26	64	236	418	15	64	0	0	0
16	24	186	4	66	67	40	1028	1028	1028	1028	255	223	34	28	Castelia City	0	64	30	64	236	419	15	64	0	0	0
16	24	186	5	68	69	41	1028	1028	1028	1028	255	31	35	28	Castelia City	0	64	28	64	236	420	15	64	0	0	0
16	24	186	6	70	71	42	1028	1028	1028	1028	255	223	36	28	Castelia City	0	64	12	64	236	422	15	64	0	0	0
7	24	186	7	72	73	43	1028	1028	1028	1028	255	223	37	28	Castelia City	0	64	50	64	236	65535	15	64	0	0	0
0	24	186	8	74	75	44	1028	1028	1028	1028	255	223	38	28	Castelia City	0	64	50	64	236	424	15	64	0	0	0
0	24	186	9	76	77	45	1028	1028	1028	1028	255	223	39	28	Castelia City	0	64	50	64	236	425	15	64	0	0	0
0	24	186	10	78	79	46	1028	1028	1028	1028	255	223	40	28	Castelia City	0	64	50	64	236	426	15	64	0	0	0
0	24	186	11	80	81	47	1028	1028	1028	1028	255	223	41	28	Castelia City	0	64	50	64	236	427	15	64	19	0	17
16	24	283	13	82	83	50	1060	1060	1060	1060	255	223	44	28	Castelia City	0	0	6	33	73	13	15	64	5	0	4
16	24	338	177	84	85	51	1028	1028	1028	1028	255	223	45	28	Castelia City	0	0	0	33	73	177	15	64	5	0	4
16	24	288	48	86	87	52	1028	1028	1028	1028	255	223	46	28	Castelia City	0	0	0	37	73	48	15	64	5	0	4
16	24	289	33	88	89	53	1028	1028	1028	1028	255	223	47	28	Castelia City	0	0	0	33	73	33	15	64	5	0	4
16	24	289	34	90	91	54	1028	1028	1028	1028	255	223	48	28	Castelia City	0	0	0	33	73	34	15	64	5	0	4
16	24	289	43	92	93	55	1028	1028	1028	1028	255	223	49	28	Castelia City	0	0	0	33	73	43	15	64	5	0	4
16	24	341	243	94	95	56	1028	1028	1028	1028	255	223	50	28	Castelia City	0	0	0	37	73	243	15	64	5	0	4
16	24	289	43	96	97	57	1028	1028	1028	1028	255	223	51	28	Castelia City	0	0	0	33	73	43	15	64	5	0	4
16	24	289	33	98	99	58	1028	1028	1028	1028	255	223	52	28	Castelia City	0	0	0	37	73	33	15	64	5	0	4
16	24	289	43	100	101	59	1028	1028	1028	1028	255	223	53	28	Castelia City	0	0	0	33	73	43	15	64	5	0	4
16	24	316	139	102	103	60	1065	1065	1065	1065	255	223	54	326	Castelia Gate	0	0	0	34	77	65535	15	64	5	0	4
17	24	337	179	104	105	61	1069	1069	1069	1069	255	223	55	28	Royal Unova	0	0	0	33	9	179	15	64	5	0	4
16	24	342	192	106	107	62	1028	1028	1028	1028	255	223	56	28	Castelia City	0	0	0	37	73	192	15	64	5	0	4
16	24	289	33	108	109	63	1028	1028	1028	1028	255	223	57	28	Castelia City	0	0	0	37	73	33	15	64	5	0	4
16	24	289	43	110	111	64	1028	1028	1028	1028	255	223	58	28	Castelia City	0	0	0	33	73	43	15	64	5	0	4
16	24	289	33	112	113	65	1028	1028	1028	1028	255	223	59	28	Castelia City	0	0	0	37	73	33	15	64	5	0	4
16	24	338	290	114	115	66	1028	1028	1028	1028	255	223	60	28	Medal Office	0	0	0	33	73	290	15	64	5	0	4
16	24	289	33	116	117	68	1028	1028	1028	1028	255	223	62	28	Castelia City	0	0	0	37	73	33	15	64	5	0	4
16	24	289	34	118	119	69	1028	1028	1028	1028	255	223	63	28	Castelia City	0	0	0	33	73	34	15	64	5	0	4
16	24	289	33	120	121	70	1028	1028	1028	1028	255	223	64	28	Castelia City	0	0	0	37	73	33	15	64	5	0	4
16	24	289	34	122	123	71	1028	1028	1028	1028	255	223	65	28	Castelia City	0	0	0	33	73	34	15	64	5	0	4
0	6	26	0	124	125	72	1029	1029	1029	1029	255	31	66	62	Nimbasa City	4	64	0	64	236	0	11	64	406	1	469
10	24	304	57	126	127	73	1096	1096	1096	1096	255	223	67	62	Nimbasa City	0	0	76	33	73	65535	15	64	5	0	4
0	24	142	107	128	129	74	1029	1029	1029	1029	255	31	68	62	Nimbasa City	0	64	0	64	236	107	15	64	16	0	16
16	24	283	13	130	131	75	1060	1060	1060	1060	255	223	69	62	Nimbasa City	0	0	6	33	73	13	15	64	5	0	4
7	24	330	101	132	133	76	1066	1066	1066	1066	255	223	70	62	Gear Station	4	0	0	33	73	101	15	64	5	0	4
16	24	330	165	134	135	77	1066	1066	1066	1066	255	223	71	62	Gear Station	0	0	0	33	73	165	15	64	5	0	4
16	24	330	165	136	137	78	1066	1066	1066	1066	255	223	72	62	Gear Station	0	0	0	33	73	165	15	64	5	0	4
16	24	330	165	138	139	79	1066	1066	1066	1066	255	223	73	62	Gear Station	0	0	0	33	73	165	15	64	5	0	4
16	24	330	165	140	141	80	1066	1066	1066	1066	255	223	74	62	Gear Station	0	0	0	33	73	165	15	64	5	0	4
16	24	330	165	142	143	81	1066	1066	1066	1066	255	223	75	62	Gear Station	0	0	0	33	73	165	15	64	5	0	4
16	24	330	165	144	145	82	1066	1066	1066	1066	255	223	76	62	Gear Station	0	0	0	33	73	165	15	64	5	0	4
16	24	330	165	146	147	83	1066	1066	1066	1066	255	223	77	62	Gear Station	0	0	0	33	73	165	15	64	5	0	4
16	24	330	165	148	149	84	1066	1066	1066	1066	255	223	78	62	Gear Station	0	0	0	33	73	165	15	64	5	0	4
16	24	330	167	150	151	85	1067	1067	1067	1067	255	223	79	62	Battle Subway	0	0	0	33	73	167	15	64	5	0	4
16	24	330	166	152	153	86	1066	1066	1066	1066	255	223	80	62	Battle Subway	0	0	0	33	73	166	15	64	5	0	4
9	24	305	58	154	155	87	1107	1107	1107	1107	255	223	81	62	Musical Theater	0	0	0	33	73	58	15	64	5	0	4
9	24	305	116	156	157	88	1107	1107	1107	1107	255	223	82	62	Musical Theater	0	0	0	33	73	116	15	64	5	0	4
16	24	331	98	158	159	89	1029	1029	1029	1029	255	223	83	62	Nimbasa City	0	0	0	33	73	98	15	64	5	0	4
16	24	331	221	160	161	90	1029	1029	1029	1029	255	223	84	62	Nimbasa City	0	0	0	33	73	221	15	64	5	0	4
16	24	331	105	162	163	91	1029	1029	1029	1029	255	223	85	62	Nimbasa City	0	0	0	33	73	105	15	64	5	0	4
16	24	331	222	164	165	92	1029	1029	1029	1029	255	223	86	62	Nimbasa City	0	0	0	33	73	222	15	64	5	0	4
16	24	331	176	166	167	93	1029	1029	1029	1029	255	223	87	62	Nimbasa City	0	0	0	33	73	176	15	64	5	0	4
16	24	331	99	168	169	94	1029	1029	1029	1029	255	223	88	62	Nimbasa City	0	0	0	33	73	99	15	64	5	0	4
16	24	331	223	170	171	95	1029	1029	1029	1029	255	223	89	62	Nimbasa City	0	0	0	33	73	223	15	64	5	0	4
16	24	331	100	172	173	96	1029	1029	1029	1029	255	223	90	62	Nimbasa City	0	0	0	33	73	100	15	64	5	0	4
16	24	331	220	174	175	97	1029	1029	1029	1029	255	223	91	62	Nimbasa City	0	0	0	33	73	220	15	64	5	0	4
16	24	282	26	176	177	98	1029	1029	1029	1029	255	223	92	62	Nimbasa City	0	0	0	33	73	26	15	64	5	0	4
16	24	282	27	178	179	99	1029	1029	1029	1029	255	223	93	62	Nimbasa City	0	0	0	33	73	27	15	64	5	0	4
16	24	282	44	180	181	100	1065	1065	1065	1065	255	223	94	326	Nimbasa Gate	0	0	0	34	77	65535	15	64	5	0	4
16	24	316	50	182	183	101	1065	1065	1065	1065	255	223	95	329	Nimbasa Gate	0	0	0	34	77	65535	15	64	5	0	4
16	24	316	50	184	185	102	1065	1065	1065	1065	255	223	96	383	Nimbasa Gate	0	0	0	34	77	65535	15	64	5	0	4
16	24	306	241	186	187	103	1029	1029	1029	1029	255	223	97	62	Nimbasa City	0	0	0	33	73	241	15	64	5	0	4
16	24	282	26	188	189	104	1029	1029	1029	1029	255	223	98	62	Nimbasa City	0	0	0	33	73	26	15	64	5	0	4
16	24	282	27	190	191	105	1029	1029	1029	1029	255	223	99	62	Nimbasa City	0	0	0	33	73	27	15	64	5	0	4
0	7	34	0	192	193	107	1030	1030	1030	1030	255	31	101	96	Driftveil City	4	64	0	64	236	0	11	96	188	0	414
22	24	308	61	194	195	108	1063	1063	1063	1063	255	223	102	96	Driftveil City	0	0	0	33	73	65535	15	96	5	0	4
0	24	308	180	196	197	109	1063	1063	1063	1063	255	223	103	96	Driftveil City	0	0	0	33	73	65535	15	96	5	0	4
16	24	283	13	198	199	110	1060	1060	1060	1060	255	223	104	96	Driftveil City	0	0	6	33	73	13	15	96	5	0	4
16	24	329	319	200	201	111	1030	1030	1030	1030	255	223	105	96	Driftveil City	0	0	0	33	73	319	15	96	5	0	4
16	24	329	319	202	203	114	1030	1030	1030	1030	255	223	108	96	Driftveil City	0	0	0	33	73	319	15	96	5	0	4
16	24	329	319	204	205	117	1030	1030	1030	1030	255	223	111	96	Driftveil City	0	0	0	33	73	319	15	96	5	0	4
16	24	329	319	206	207	120	1030	1030	1030	1030	255	223	114	96	Driftveil City	0	0	0	33	73	319	15	96	5	0	4
16	24	321	59	208	209	123	1030	1030	1030	1030	255	223	117	96	Driftveil City	0	0	0	33	73	59	15	96	5	0	4
16	24	322	60	210	211	124	1030	1030	1030	1030	255	223	118	96	Driftveil City	0	64	0	37	73	60	15	96	5	0	4
16	24	352	373	212	213	125	1030	1030	1030	1030	255	223	119	96	Driftveil City	0	0	0	34	77	373	15	96	5	0	4
0	8	38	0	214	215	126	1031	1031	1031	1031	255	31	120	107	Mistralton City	4	64	0	64	236	0	11	96	108	0	306
0	24	309	62	216	217	127	1220	1220	1220	1220	255	223	121	107	Mistralton City	0	0	0	33	73	65535	15	96	5	0	4
16	24	283	13	218	219	128	1060	1060	1060	1060	255	223	122	107	Mistralton City	0	0	6	33	73	13	15	96	5	0	4
16	24	282	46	220	221	129	1031	1031	1031	1031	255	223	123	107	Mistralton City	0	0	0	33	73	46	15	96	5	0	4
0	24	317	63	222	223	130	1031	1031	1031	1031	255	223	124	107	Mistralton City	0	0	0	33	73	63	15	96	5	0	4
0	24	282	46	224	225	131	1031	1031	1031	1031	255	223	125	107	Mistralton City	0	0	0	33	73	46	15	96	5	0	4
0	9	42	0	226	227	132	1032	1032	1032	1032	2	0	126	113	Icirrus City	4	64	0	96	236	0	11	160	184	3	197
14	24	311	64	228	229	133	1032	1032	1032	1032	255	223	127	113	Icirrus City	0	0	54	33	73	65535	15	160	5	0	4
16	24	283	13	230	231	134	1060	1060	1060	1060	255	223	128	113	Icirrus City	0	0	6	33	73	13	15	160	5	0	4
16	24	282	46	232	233	135	1032	1032	1032	1032	255	223	129	113	Icirrus City	0	0	0	33	73	46	15	160	5	0	4
16	24	282	44	234	235	136	1032	1032	1032	1032	255	223	130	113	Icirrus City	0	0	0	33	73	44	15	160	5	0	4
16	24	282	46	236	237	137	1032	1032	1032	1032	255	223	131	113	Icirrus City	0	0	0	33	73	46	15	160	5	0	4
16	24	307	359	238	239	138	1032	1032	1032	1032	255	223	132	113	Icirrus City	0	0	0	33	73	359	15	160	5	0	4
0	10	50	0	240	241	139	1033	1033	1033	1033	255	31	133	120	Opelucid City	4	64	0	64	236	0	11	128	425	0	174
23	24	312	66	242	243	140	1222	1222	1222	1222	255	223	134	120	Opelucid City	0	0	64	33	73	65535	15	128	5	0	4
16	24	283	13	244	245	141	1060	1060	1060	1060	255	223	135	120	Opelucid City	0	0	6	33	73	13	15	128	5	0	4
16	24	314	68	246	247	142	1033	1033	1033	1033	255	223	136	120	Opelucid City	0	0	0	33	73	68	15	128	5	0	4
16	24	314	161	248	249	143	1033	1033	1033	1033	255	223	137	120	Opelucid City	0	0	0	33	73	161	15	128	5	0	4
16	24	314	68	250	251	144	1033	1033	1033	1033	255	223	138	120	Opelucid City	0	0	0	33	73	68	15	128	5	0	4
16	24	314	161	252	253	145	1033	1033	1033	1033	255	223	139	120	Opelucid City	0	0	0	33	73	161	15	128	5	0	4
16	24	314	68	254	255	146	1033	1033	1033	1033	255	223	140	120	Opelucid City	0	0	0	33	73	68	15	128	5	0	4
16	24	314	161	256	257	147	1033	1033	1033	1033	255	223	141	120	Opelucid City	0	0	0	33	73	161	15	128	5	0	4
16	24	314	68	258	259	148	1033	1033	1033	1033	255	223	142	120	Opelucid City	0	0	0	33	73	68	15	128	5	0	4
16	24	314	161	260	261	149	1033	1033	1033	1033	255	223	143	120	Opelucid City	0	0	0	33	73	161	15	128	5	0	4
16	24	316	50	262	263	150	1065	1065	1065	1065	255	223	144	348	Opelucid Gate	0	0	0	34	77	65535	15	128	5	0	4
16	24	282	44	264	265	151	1065	1065	1065	1065	255	223	145	355	Opelucid Gate	0	0	0	34	77	65535	15	128	5	0	4
16	24	316	50	266	267	152	1065	1065	1065	1065	255	223	146	365	Opelucid Gate	0	0	0	34	77	65535	15	128	5	0	4
16	24	314	68	268	269	153	1033	1033	1033	1033	255	223	147	120	Opelucid City	0	0	0	33	73	68	15	128	5	0	4
16	24	314	161	270	271	154	1033	1033	1033	1033	255	223	148	120	Opelucid City	0	0	0	33	73	161	15	128	5	0	4
5	24	126	87	272	273	155	1072	1072	1072	1072	255	223	149	136	Pokémon League	4	64	10	224	172	87	15	128	19	0	49
14	24	126	210	274	275	156	1072	1072	1072	1072	255	223	150	136	Pokémon League	0	64	40	37	9	428	15	128	32	0	46
20	24	126	211	276	277	157	1072	1072	1072	1072	255	223	151	136	Pokémon League	0	64	42	33	9	211	15	128	30	0	83
20	24	126	211	278	279	158	1072	1072	1072	1072	255	223	152	136	Pokémon League	0	64	0	33	9	211	15	128	30	0	83
15	24	315	121	280	281	159	1072	1072	1072	1072	255	223	153	136	Pokémon League	0	0	38	97	9	65535	15	128	16	0	16
15	24	333	122	282	283	160	1072	1072	1072	1072	255	223	154	136	Pokémon League	0	0	38	161	9	65535	15	128	16	0	16
15	24	334	123	284	285	161	1072	1072	1072	1072	255	223	155	136	Pokémon League	0	0	38	129	9	65535	15	128	16	0	16
15	24	335	124	286	287	162	1072	1072	1072	1072	255	223	156	136	Pokémon League	0	0	38	193	9	65535	15	128	16	0	16
23	24	319	125	288	289	163	1072	1072	1072	1072	255	223	157	136	Pokémon League	0	0	0	1	10	125	15	128	16	0	16
16	24	319	126	290	291	164	1001	1001	1001	1001	255	223	158	136	Pokémon League	0	0	0	33	9	126	15	128	16	0	16
16	24	283	54	292	293	165	1072	1072	1072	1072	255	223	159	136	Pokémon League	0	0	6	33	9	54	15	128	16	0	16
0	15	86	0	294	295	166	1042	1043	1044	1045	255	223	160	147	Unity Tower	4	64	0	64	236	0	15	0	395	0	748
16	24	336	168	296	297	167	1071	1071	1071	1071	255	223	161	147	Unity Tower	0	0	0	37	73	168	15	0	5	0	4
16	24	336	227	298	299	168	1071	1071	1071	1071	255	223	162	147	Unity Tower	0	0	0	33	73	227	15	0	5	0	4
6	24	325	89	300	301	206	1060	1060	1060	1060	255	223	199	422	－－－－－－－－－－	0	0	0	33	73	89	15	0	5	0	4
6	24	325	102	302	303	207	1060	1060	1060	1060	255	223	200	422	－－－－－－－－－－	0	0	0	33	73	102	15	0	5	0	4
16	24	102	14	304	305	210	1075	1075	1075	1075	6	96	201	152	Dreamyard	4	64	0	0	236	14	15	160	5	0	4
16	24	290	15	306	307	211	1075	1075	1075	1075	7	0	202	152	Dreamyard	0	0	0	35	73	15	15	160	5	0	4
0	2	10	0	308	309	212	1038	1039	1040	1041	8	96	203	154	Pinwheel Forest	4	64	0	0	236	0	15	160	592	0	599
0	24	106	16	310	311	213	1075	1075	1075	1075	9	96	204	154	Pinwheel Forest	4	64	0	192	236	16	15	160	5	0	4
16	24	106	224	312	313	214	1075	1075	1075	1075	255	223	205	154	Rumination Field	0	64	0	192	236	224	15	160	5	0	4
0	3	22	0	314	315	215	1042	1043	1044	1045	10	160	206	157	Desert Resort	4	3	0	64	237	0	15	64	371	0	499
0	24	22	103	316	317	216	1076	1076	1076	1076	11	64	207	157	Desert Resort	4	12	0	64	237	103	15	64	5	0	4
0	24	316	12	318	319	217	1065	1065	1065	1065	255	223	208	157	Route Gate	0	0	0	34	77	65535	15	64	5	0	4
16	24	291	17	320	321	218	1078	1078	1078	1078	12	64	209	160	Relic Castle	4	0	0	35	93	17	15	64	5	0	4
16	24	291	18	322	323	219	1078	1078	1078	1078	13	64	210	160	Relic Castle	0	0	0	35	93	18	15	64	5	0	4
16	24	282	44	324	325	220	1078	1078	1078	1078	255	223	211	160	Relic Castle	0	0	0	35	93	44	15	64	5	0	4
16	24	282	44	326	327	221	1078	1078	1078	1078	255	223	212	160	Relic Castle	0	0	0	35	93	44	15	64	5	0	4
16	24	282	44	328	329	222	1078	1078	1078	1078	255	223	213	160	Relic Castle	0	0	0	35	93	44	15	64	5	0	4
16	24	282	44	330	331	223	1078	1078	1078	1078	255	223	214	160	Relic Castle	0	0	0	35	93	44	15	64	5	0	4
16	24	282	44	332	333	224	1078	1078	1078	1078	255	223	215	160	Relic Castle	0	0	0	35	93	44	15	64	5	0	4
16	24	282	44	334	335	225	1078	1078	1078	1078	255	223	216	160	Relic Castle	0	0	0	35	93	44	15	64	5	0	4
16	24	282	44	336	337	226	1078	1078	1078	1078	255	223	217	160	Relic Castle	0	0	0	35	93	44	15	64	5	0	4
16	24	282	44	338	339	227	1078	1078	1078	1078	255	223	218	160	Relic Castle	0	0	0	35	93	44	15	64	5	0	4
16	24	282	44	340	341	228	1078	1078	1078	1078	255	223	219	160	Relic Castle	0	0	0	35	93	44	15	64	5	0	4
16	24	282	44	342	343	229	1078	1078	1078	1078	255	223	220	160	Relic Castle	0	0	0	35	93	44	15	64	5	0	4
16	24	282	44	344	345	230	1078	1078	1078	1078	255	223	221	160	Relic Castle	0	0	0	35	93	44	15	64	5	0	4
16	24	282	44	346	347	231	1078	1078	1078	1078	255	223	222	160	Relic Castle	0	0	0	35	93	44	15	64	5	0	4
16	24	282	44	348	349	232	1078	1078	1078	1078	255	223	223	160	Relic Castle	0	0	0	35	93	44	15	64	5	0	4
16	24	291	72	350	351	233	1078	1078	1078	1078	14	192	224	160	Relic Castle	0	0	0	35	93	72	15	96	5	0	4
16	24	291	72	352	353	234	1078	1078	1078	1078	15	192	225	160	Relic Castle	0	0	0	35	93	72	15	96	5	0	4
16	24	282	44	354	355	235	1078	1078	1078	1078	255	223	226	160	Relic Castle	0	0	0	35	93	44	15	96	5	0	4
16	24	291	73	356	357	236	1078	1078	1078	1078	16	64	227	160	Relic Castle	0	0	0	35	93	73	15	96	5	0	4
16	24	282	44	358	359	237	1078	1078	1078	1078	255	223	228	160	Relic Castle	0	0	0	35	93	44	15	96	5	0	4
16	24	291	74	360	361	238	1078	1078	1078	1078	17	160	229	160	Relic Castle	4	0	0	35	93	74	15	96	5	0	4
16	24	291	75	362	363	239	1078	1078	1078	1078	18	128	230	160	Relic Castle	0	0	0	35	93	75	15	96	5	0	4
16	24	291	76	364	365	240	1078	1078	1078	1078	19	192	231	160	Relic Castle	0	0	0	35	93	76	15	96	5	0	4
16	24	282	44	366	367	241	1078	1078	1078	1078	255	223	232	160	Relic Castle	0	0	0	35	93	44	15	96	5	0	4
16	24	282	44	368	369	242	1078	1078	1078	1078	255	223	233	160	Relic Castle	0	0	0	35	93	44	15	96	5	0	4
16	24	282	44	370	371	243	1078	1078	1078	1078	255	223	234	160	Relic Castle	0	0	0	35	93	44	15	96	5	0	4
16	24	282	44	372	373	244	1078	1078	1078	1078	255	223	235	160	Relic Castle	0	0	0	35	93	44	15	96	5	0	4
16	24	282	44	374	375	245	1078	1078	1078	1078	255	223	236	160	Relic Castle	0	0	0	35	93	44	15	96	5	0	4
16	24	282	44	376	377	246	1078	1078	1078	1078	255	223	237	160	Relic Castle	0	0	0	35	93	44	15	96	5	0	4
16	24	282	44	378	379	247	1078	1078	1078	1078	255	223	238	160	Relic Castle	0	0	0	35	93	44	15	96	5	0	4
16	24	282	44	380	381	248	1078	1078	1078	1078	255	223	239	160	Relic Castle	4	0	0	35	93	44	15	96	5	0	4
0	20	222	0	382	383	249	1030	1030	1030	1030	255	31	240	191	PWT	4	64	0	64	236	0	11	96	197	0	469
16	24	352	265	384	385	250	1200	1200	1200	1200	255	223	241	191	PWT	0	0	0	33	73	265	15	96	15	0	8
0	24	381	266	386	387	251	1201	1201	1201	1201	255	223	242	191	PWT	0	0	82	35	73	266	15	96	5	0	4
0	7	34	0	388	389	252	1046	1047	1048	1049	255	223	243	194	Chargestone Cave	4	64	0	224	236	0	15	96	106	0	345
0	24	293	23	390	391	253	1076	1076	1076	1076	20	64	244	194	Chargestone Cave	12	64	0	131	92	23	15	96	5	0	4
16	24	293	24	392	393	254	1076	1076	1076	1076	21	64	245	194	Chargestone Cave	12	64	0	131	92	24	15	96	5	0	4
16	24	293	25	394	395	255	1076	1076	1076	1076	22	64	246	194	Chargestone Cave	12	64	0	131	92	25	15	96	5	0	4
0	8	38	0	396	397	256	1046	1047	1048	1049	255	191	247	198	Twist Mountain	4	64	0	224	236	0	15	96	145	0	210
16	24	110	93	398	399	257	1077	1077	1077	1077	255	95	248	198	Twist Mountain	12	64	0	224	252	93	15	160	5	0	4
16	24	294	94	400	401	258	1077	1077	1077	1077	23	64	249	198	Twist Mountain	12	64	0	131	92	94	15	160	5	0	4
16	24	294	95	402	403	259	1077	1077	1077	1077	24	64	250	198	Twist Mountain	12	64	0	131	92	95	15	160	5	0	4
16	24	294	96	404	405	260	1077	1077	1077	1077	25	64	251	198	Twist Mountain	12	64	0	131	92	65535	15	160	5	0	4
16	24	294	97	406	407	261	1077	1077	1077	1077	26	64	252	198	Twist Mountain	12	64	0	131	92	97	15	160	5	0	4
16	24	327	91	408	409	263	1077	1077	1077	1077	255	223	254	198	Twist Mountain	0	0	0	32	73	91	15	160	5	0	4
0	9	42	0	410	411	264	1046	1047	1048	1049	27	192	255	205	Dragonspiral Tower	4	64	0	32	236	0	15	160	175	0	151
16	24	114	208	412	413	265	1079	1079	1079	1079	28	128	256	205	Dragonspiral Tower	0	0	0	32	44	208	15	160	16	0	16
16	24	295	200	414	415	266	1079	1079	1079	1079	29	160	257	205	Dragonspiral Tower	0	0	0	33	9	200	15	160	16	0	16
16	24	295	201	416	417	267	1079	1079	1079	1079	30	64	258	205	Dragonspiral Tower	0	0	0	33	9	201	15	160	16	0	16
7	24	295	202	418	419	268	1079	1079	1079	1079	255	223	259	205	Dragonspiral Tower	0	0	0	33	9	65535	15	160	0	0	0
16	24	295	203	420	421	269	1079	1079	1079	1079	255	95	260	205	Dragonspiral Tower	0	0	0	33	9	203	15	160	16	0	16
7	24	295	204	422	423	270	1079	1079	1079	1079	255	223	261	205	Dragonspiral Tower	0	0	0	33	9	65535	15	160	0	0	0
16	24	295	205	424	425	271	1079	1079	1079	1079	255	191	262	205	Dragonspiral Tower	0	0	0	33	9	205	15	160	16	0	16
16	24	295	206	426	427	272	1079	1079	1079	1079	255	223	263	205	Dragonspiral Tower	0	0	0	37	170	206	15	160	16	0	16
12	24	58	162	428	429	273	1081	1081	1081	1081	255	223	264	573	Victory Road	4	64	22	224	172	65535	15	128	0	5	0
16	24	282	44	430	431	274	1081	1081	1081	1081	255	223	265	214	Victory Road	0	64	0	163	28	44	15	128	16	0	16
16	24	282	44	432	433	275	1081	1081	1081	1081	255	223	266	214	Victory Road	0	64	0	163	28	44	15	128	16	0	16
16	24	282	44	434	435	276	1081	1081	1081	1081	255	223	267	214	Victory Road	0	64	0	163	28	44	15	128	5	0	4
16	24	282	44	436	437	277	1081	1081	1081	1081	255	223	268	214	Victory Road	0	64	0	163	28	44	15	128	5	0	4
16	24	282	44	438	439	278	1081	1081	1081	1081	255	223	269	214	Victory Road	0	64	0	163	28	44	15	128	5	0	4
16	24	282	44	440	441	279	1081	1081	1081	1081	255	223	270	214	Victory Road	0	64	0	163	28	44	15	128	5	0	4
16	24	282	44	442	443	280	1081	1081	1081	1081	255	223	271	214	Victory Road	0	64	0	163	28	44	15	128	5	0	4
16	24	282	44	444	445	281	1081	1081	1081	1081	255	223	272	214	Victory Road	0	64	0	163	28	44	15	128	5	0	4
16	24	282	44	446	447	282	1081	1081	1081	1081	255	223	273	214	Victory Road	0	64	0	163	28	44	15	128	5	0	4
16	24	282	44	448	449	283	1081	1081	1081	1081	255	223	274	214	Victory Road	0	64	0	163	28	44	15	128	5	0	4
16	24	282	44	450	451	284	1081	1081	1081	1081	255	223	275	214	Victory Road	0	64	0	163	28	44	15	128	5	0	4
16	24	282	44	452	453	285	1081	1081	1081	1081	255	223	276	214	Victory Road	0	64	0	163	28	44	15	128	5	0	4
16	24	282	44	454	455	286	1081	1081	1081	1081	255	223	277	214	Victory Road	0	64	0	163	28	44	15	128	5	0	4
16	24	296	198	456	457	287	1081	1081	1081	1081	31	192	278	573	Victory Road	0	64	0	163	28	198	15	128	5	0	4
16	24	282	44	458	459	288	1081	1081	1081	1081	255	31	279	214	Trial Chamber	4	64	0	163	28	44	15	128	5	0	4
0	12	66	0	460	461	289	1050	1051	1052	1053	32	192	280	230	Giant Chasm	4	73	0	224	236	0	15	128	687	0	153
16	24	332	184	462	463	290	1079	1079	1079	1079	33	64	281	230	Giant Chasm	4	64	0	163	92	184	15	128	5	0	4
0	24	206	250	464	465	291	1079	1079	1079	1079	34	96	282	230	Giant Chasm	0	73	0	224	236	250	15	128	5	0	4
0	24	206	251	466	467	292	1079	1079	1079	1079	35	192	283	230	Giant Chasm	0	64	0	224	236	251	15	128	5	0	4
16	24	332	252	468	469	293	1079	1079	1079	1079	36	192	284	230	Giant Chasm	0	64	0	163	92	252	15	128	5	0	4
19	15	86	0	470	471	300	1046	1047	1048	1049	255	223	291	235	Liberty Garden	4	64	0	0	236	0	15	0	302	0	756
16	24	339	239	472	473	301	1077	1077	1077	1077	255	223	292	235	Liberty Garden	0	0	0	33	73	239	15	0	5	0	4
16	24	339	240	474	475	302	1077	1077	1077	1077	255	223	293	235	Liberty Garden	0	0	0	33	73	240	15	0	5	0	4
0	16	122	0	476	477	303	1046	1047	1048	1049	42	192	294	238	P2 Laboratory	4	64	0	0	236	0	15	160	725	0	719
16	24	345	191	478	479	304	1077	1077	1077	1077	255	223	295	238	P2 Laboratory	0	0	0	33	73	191	15	160	5	0	4
0	13	70	0	480	481	305	1050	1051	1052	1053	43	160	296	240	Undella Bay	4	64	0	0	237	0	15	128	801	0	289
7	24	340	236	482	483	306	1014	1014	1014	1014	255	223	297	241	Abyssal Ruins	4	64	0	3	77	236	15	128	1	3	0
7	24	340	244	484	485	307	1014	1014	1014	1014	255	223	298	241	Abyssal Ruins	4	64	0	3	77	244	15	128	1	3	0
7	24	340	245	486	487	308	1014	1014	1014	1014	255	223	299	241	Abyssal Ruins	4	64	0	3	77	245	15	128	1	3	0
7	24	340	246	488	489	309	1014	1014	1014	1014	255	223	300	241	Abyssal Ruins	4	64	0	3	77	246	15	128	1	3	0
0	24	340	247	490	491	310	1014	1014	1014	1014	255	223	301	241	Abyssal Ruins	0	64	68	3	93	247	15	128	5	0	4
0	24	340	248	492	493	311	1014	1014	1014	1014	255	223	302	241	Abyssal Ruins	0	64	68	3	93	248	15	128	5	0	4
0	24	340	249	494	495	312	1014	1014	1014	1014	255	223	303	241	Abyssal Ruins	0	64	68	3	93	249	15	128	5	0	4
0	24	340	254	496	497	313	1014	1014	1014	1014	255	223	304	241	Abyssal Ruins	0	64	68	3	93	254	15	128	5	0	4
1	24	14	133	498	499	415	1055	1055	1055	1055	255	31	395	249	Skyarrow Bridge	4	64	2	68	172	65535	19	160	0	0	0
16	24	118	41	500	501	416	1038	1039	1040	1041	255	223	396	249	Bridge Gate	0	64	8	32	73	41	19	160	15	0	24
16	24	316	137	502	503	417	1038	1065	1065	1065	255	223	397	249	Bridge Gate	0	0	0	34	77	137	15	160	5	0	4
16	24	316	138	504	505	418	1065	1065	1065	1065	255	223	398	249	Bridge Gate	0	0	0	34	77	138	15	64	5	0	4
11	24	30	106	506	507	419	1056	1056	1056	1056	96	0	399	253	Driftveil Drawbridge	4	64	18	68	172	430	19	64	20	0	48
13	24	46	136	508	509	420	1057	1057	1057	1057	255	223	400	254	Tubeline Bridge	4	64	20	68	140	136	19	160	5	0	4
18	24	62	182	510	511	421	1058	1058	1058	1058	97	0	401	255	Village Bridge	4	64	0	64	172	182	19	128	5	0	4
16	24	282	44	512	513	422	1058	1058	1058	1058	255	223	402	255	Village Bridge	0	0	0	33	73	44	15	128	5	0	4
16	24	282	44	514	515	423	1058	1058	1058	1058	255	223	403	255	Village Bridge	0	0	0	33	73	44	15	128	5	0	4
16	24	282	44	516	517	424	1058	1058	1058	1058	255	223	404	255	Village Bridge	0	0	0	33	73	44	15	128	5	0	4
16	24	282	44	518	519	425	1058	1058	1058	1058	255	223	405	255	Village Bridge	0	0	0	33	73	44	15	128	5	0	4
16	24	282	44	520	521	426	1058	1058	1058	1058	255	223	406	255	Village Bridge	0	0	0	33	73	44	15	128	5	0	4
16	24	282	44	522	523	427	1058	1058	1058	1058	255	223	407	255	Village Bridge	0	0	0	33	73	44	15	128	5	0	4
16	24	282	44	524	525	428	1058	1058	1058	1058	255	31	408	255	Village Bridge	0	0	0	33	73	44	15	128	5	0	4
11	24	82	135	526	527	430	1059	1059	1059	1059	98	0	410	263	Marvelous Bridge	4	64	52	68	172	135	19	160	5	0	4
16	24	282	44	528	529	443	1065	1065	1065	1065	255	223	412	264	N's Castle	4	0	0	33	9	44	15	160	16	0	16
16	24	282	44	530	531	444	1065	1065	1065	1065	255	223	413	264	N's Castle	0	0	0	33	9	44	15	160	5	0	4
16	24	282	44	532	533	445	1065	1065	1065	1065	255	223	414	264	N's Castle	0	0	0	33	9	44	15	160	5	0	4
16	24	282	44	534	535	446	1065	1065	1065	1065	255	223	415	264	N's Castle	0	0	0	33	9	44	15	160	5	0	4
16	24	282	44	536	537	447	1065	1065	1065	1065	255	223	416	264	N's Castle	0	0	0	33	9	44	15	160	5	0	4
16	24	282	44	538	539	448	1065	1065	1065	1065	255	223	417	264	N's Castle	0	0	0	33	9	44	15	160	5	0	4
16	24	282	44	540	541	449	1065	1065	1065	1065	255	223	418	264	N's Castle	0	0	0	33	9	44	15	160	5	0	4
16	24	282	44	542	543	450	1065	1065	1065	1065	255	223	419	264	N's Castle	0	0	0	33	9	44	15	160	5	0	4
16	24	282	44	544	545	451	1065	1065	1065	1065	255	223	420	264	N's Castle	0	0	0	33	9	44	15	160	5	0	4
16	24	320	171	546	547	452	1074	1074	1074	1074	255	223	421	264	N's Castle	0	0	0	33	9	171	15	160	5	0	4
16	24	320	163	548	549	453	1168	1168	1168	1168	255	223	422	264	N's Castle	0	0	0	33	9	163	15	160	5	0	4
16	24	282	44	550	551	454	1065	1065	1065	1065	255	223	423	264	N's Castle	0	0	0	33	9	44	15	160	5	0	4
16	24	282	44	552	553	455	1065	1065	1065	1065	255	223	424	264	N's Castle	0	0	0	33	9	44	15	160	5	0	4
16	24	320	174	554	555	456	1074	1074	1074	1074	255	223	425	264	N's Castle	0	0	0	33	9	174	15	160	5	0	4
16	24	320	212	556	557	457	1074	1074	1074	1074	255	223	426	264	N's Castle	0	0	0	225	9	212	15	160	5	0	4
3	24	98	117	558	559	468	1070	1070	1070	1070	255	223	435	279	Entralink	4	0	0	0	12	65535	15	0	16	0	16
16	24	146	119	560	561	469	1070	1070	1070	1070	255	223	436	279	Entree Forest	4	64	70	192	12	119	15	0	16	0	16
16	24	146	228	562	563	470	1070	1070	1070	1070	255	223	437	279	Entree Forest	4	64	70	192	12	65535	15	0	5	0	4
16	24	146	229	564	565	471	1070	1070	1070	1070	255	223	438	279	Entree Forest	4	64	70	192	12	65535	15	0	5	0	4
16	24	146	230	566	567	472	1070	1070	1070	1070	255	223	439	279	Entree Forest	4	64	70	192	12	65535	15	0	5	0	4
16	24	146	231	568	569	473	1070	1070	1070	1070	255	223	440	279	Entree Forest	4	64	70	192	12	65535	15	0	5	0	4
16	24	146	232	570	571	474	1070	1070	1070	1070	255	223	441	279	Entree Forest	4	64	70	192	12	65535	15	0	5	0	4
16	24	146	233	572	573	475	1070	1070	1070	1070	255	223	442	279	Entree Forest	4	64	70	192	12	65535	15	0	5	0	4
16	24	146	234	574	575	476	1070	1070	1070	1070	255	223	443	279	Entree Forest	4	64	70	192	12	65535	15	0	5	0	4
16	24	146	235	576	577	477	1070	1070	1070	1070	255	223	444	279	Entree Forest	4	64	70	192	12	65535	15	0	5	0	4
0	24	26	175	578	579	482	1065	1065	1065	1065	255	223	445	289	Nimbasa City	4	64	0	64	12	175	15	0	434	0	468
0	24	34	175	580	581	483	1065	1065	1065	1065	255	223	446	290	Driftveil City	4	64	0	64	12	175	15	0	231	0	431
0	24	38	175	582	583	484	1065	1065	1065	1065	255	223	447	291	Mistralton City	4	64	0	64	12	175	15	0	103	0	306
0	24	42	175	584	585	485	1065	1065	1065	1065	255	223	448	292	Icirrus City	4	64	0	64	12	175	15	0	174	0	202
0	24	50	175	586	587	486	1065	1065	1065	1065	255	223	449	293	Opelucid City	4	64	0	64	12	175	15	0	401	0	182
4	24	74	226	588	589	487	1065	1065	1065	1065	255	223	450	294	Black City	4	64	48	64	12	226	15	0	5	0	4
4	24	190	225	590	591	488	1065	1065	1065	1065	255	223	451	295	White Forest	4	64	48	64	12	225	15	0	5	0	4
0	24	34	175	592	593	489	1065	1065	1065	1065	255	223	452	296	Cold Storage	4	64	0	64	12	175	15	0	178	0	454
0	24	34	175	594	595	490	1065	1065	1065	1065	255	223	453	297	Chargestone Cave	4	64	0	224	12	175	15	0	106	0	345
0	24	38	175	596	597	491	1065	1065	1065	1065	255	223	454	298	Twist Mountain	4	64	0	224	12	175	15	0	145	0	210
0	24	38	175	598	599	492	1065	1065	1065	1065	255	223	455	299	Dragonspiral Tower	4	64	0	224	12	175	15	0	175	0	151
0	24	66	175	600	601	493	1065	1065	1065	1065	255	223	456	300	Giant Chasm	4	64	0	224	12	175	15	0	687	0	153
11	24	30	106	602	603	494	1065	1065	1065	1065	255	223	457	301	Driftveil Drawbridge	4	64	18	64	12	106	15	0	20	0	48
13	24	46	136	604	605	495	1065	1065	1065	1065	255	223	458	302	Tubeline Bridge	4	64	20	64	12	136	15	0	5	0	4
11	24	82	135	606	607	496	1065	1065	1065	1065	255	223	459	303	Marvelous Bridge	4	64	52	64	12	135	15	0	5	0	4
0	24	22	175	608	609	498	1065	1065	1065	1065	255	223	460	304	Route 5	4	64	0	32	12	175	15	0	371	0	431
0	24	34	175	610	611	499	1065	1065	1065	1065	255	223	461	305	Route 6	4	64	0	32	12	175	15	0	152	0	404
0	24	38	175	612	613	500	1065	1065	1065	1065	255	223	462	306	Route 7	4	64	0	32	12	175	15	0	111	0	266
0	24	42	175	614	615	501	1065	1065	1065	1065	255	223	463	307	Route 8	4	64	0	32	12	175	15	0	213	0	185
0	24	54	175	616	617	502	1065	1065	1065	1065	255	223	464	308	Route 9	4	64	0	32	12	175	15	0	326	0	173
0	24	54	175	618	619	503	1065	1065	1065	1065	255	223	465	309	Route 11	4	64	0	32	12	175	15	0	456	0	184
0	24	66	175	620	621	504	1065	1065	1065	1065	255	223	466	310	Route 12	4	64	0	32	12	175	15	0	588	0	184
0	24	66	175	622	623	505	1065	1065	1065	1065	255	223	467	311	Route 13	4	64	0	32	12	175	15	0	661	0	200
0	24	70	175	624	625	506	1065	1065	1065	1065	255	223	468	312	Route 14	4	64	0	32	12	175	15	0	718	0	333
0	24	78	175	626	627	507	1065	1065	1065	1065	255	223	469	313	Route 15	4	64	0	32	12	175	15	0	628	0	434
0	24	22	175	628	629	508	1065	1065	1065	1065	255	223	470	314	Route 16	4	64	0	32	13	175	15	0	458	0	431
0	24	66	175	630	631	509	1065	1065	1065	1065	255	223	471	315	Lacunosa Town	4	64	0	64	12	175	15	0	645	0	179
0	24	70	175	632	633	510	1065	1065	1065	1065	255	223	472	316	Undella Town	4	64	0	64	12	175	15	0	724	0	307
0	0	2	0	634	635	516	1037	1037	1037	1037	99	32	473	317	Route 1	4	64	0	0	236	0	23	160	787	0	731
16	24	316	50	636	637	517	1065	1065	1065	1065	255	223	474	317	Route Gate	0	0	0	34	77	65535	15	160	5	0	4
0	1	6	0	638	639	518	1038	1039	1040	1041	100	32	475	319	Route 2	4	64	0	0	236	0	27	160	762	0	657
16	24	316	50	640	641	519	1065	1065	1065	1065	255	223	476	319	Accumula Gate	0	0	0	34	77	65535	15	160	5	0	4
0	1	6	0	642	643	520	1038	1039	1040	1041	101	32	477	321	Route 3	4	64	0	0	236	0	31	160	750	0	566
16	24	282	53	644	645	521	1038	1039	1040	1041	255	223	478	321	Route 3	0	0	0	33	73	53	15	160	5	0	4
16	24	282	28	646	647	522	1038	1039	1040	1041	255	223	479	321	Route 3	0	0	0	33	73	28	15	160	5	0	4
16	24	332	108	648	649	523	1076	1076	1076	1076	102	64	480	324	Wellspring Cave	4	64	0	131	92	108	15	160	5	0	4
16	24	332	109	650	651	524	1076	1076	1076	1076	103	128	481	324	Wellspring Cave	0	64	0	163	92	109	15	160	5	0	4
0	3	22	0	652	653	525	1042	1043	1044	1045	104	32	482	326	Route 4	4	0	0	64	236	0	35	64	430	0	491
16	24	282	26	654	655	526	1042	1043	1044	1045	255	223	483	326	Route 4	0	0	0	33	73	26	15	64	5	0	4
16	24	327	91	656	657	528	1042	1043	1044	1045	255	223	485	326	Route 4	0	0	0	33	73	91	15	64	5	0	4
0	4	22	0	658	659	541	1042	1043	1044	1045	106	32	498	329	Route 5	4	64	0	0	236	431	39	64	371	0	431
16	24	282	65	660	661	542	1042	1043	1044	1045	255	223	499	329	Route 5	0	0	0	33	73	65	15	64	5	0	4
0	7	34	0	662	663	543	1046	1047	1048	1049	107	32	500	331	Route 6	4	64	0	0	236	0	43	96	152	0	404
16	24	285	92	664	665	544	1046	1047	1048	1049	255	223	501	331	Route 6	0	0	0	33	73	92	15	96	5	0	4
16	24	332	110	666	667	545	1076	1076	1076	1076	108	64	502	333	Mistralton Cave	4	64	0	163	92	65535	15	96	5	0	4
16	24	332	111	668	669	546	1076	1076	1076	1076	109	64	503	333	Mistralton Cave	0	64	0	163	92	65535	15	96	5	0	4
16	24	332	112	670	671	547	1076	1076	1076	1076	110	192	504	333	Guidance Chamber	0	64	0	131	92	65535	15	96	5	0	4
16	24	282	44	672	673	548	1046	1047	1048	1049	255	223	505	331	Route 6	0	0	0	33	73	44	15	96	5	0	4
0	8	38	0	674	675	549	1046	1047	1048	1049	111	32	506	337	Route 7	4	64	0	0	236	0	47	96	111	0	266
14	24	323	185	676	677	550	1079	1079	1079	1079	255	191	507	338	Celestial Tower	4	0	66	33	9	65535	15	96	5	0	4
14	24	323	186	678	679	551	1079	1079	1079	1079	112	160	508	338	Celestial Tower	0	0	66	33	9	65535	15	96	5	0	4
14	24	323	187	680	681	552	1079	1079	1079	1079	113	160	509	338	Celestial Tower	0	0	66	33	9	65535	15	96	5	0	4
14	24	323	188	682	683	553	1079	1079	1079	1079	114	160	510	338	Celestial Tower	0	0	66	33	9	65535	15	96	5	0	4
16	24	90	189	684	685	554	1079	1079	1079	1079	115	192	511	338	Celestial Tower	0	0	0	229	40	189	15	96	5	0	4
16	24	282	44	686	687	555	1046	1047	1048	1049	255	223	512	337	Route 7	0	0	0	33	73	44	15	96	5	0	4
16	24	282	44	688	689	556	1046	1047	1048	1049	255	223	513	337	Route 7	0	0	0	33	73	44	15	96	5	0	4
0	9	42	0	690	691	557	1046	1047	1048	1049	116	96	514	345	Route 8	4	64	0	32	236	0	51	160	213	0	185
16	24	198	183	692	693	558	1075	1075	1075	1075	117	96	515	346	Moor of Icirrus	4	64	0	32	236	183	15	160	5	0	4
16	24	316	129	694	695	559	1065	1065	1065	1065	255	223	516	345	Bridge Gate	0	0	0	34	77	129	15	160	5	0	4
0	11	54	0	696	697	560	1046	1047	1048	1049	118	32	517	348	Route 9	4	64	0	0	236	432	55	128	326	0	173
16	24	316	129	698	699	561	1065	1065	1065	1065	255	223	518	348	Bridge Gate	0	0	0	34	77	129	15	128	5	0	4
16	24	326	90	700	701	562	1061	1061	1061	1061	255	223	519	348	Shopping Mall	0	0	0	33	73	90	15	128	5	0	4
16	24	326	141	702	703	563	1061	1061	1061	1061	255	223	520	348	Shopping Mall	0	0	0	33	73	141	15	128	5	0	4
16	24	282	44	704	705	564	1076	1076	1076	1076	255	223	521	352	Challenger's Cave	4	64	0	163	92	65535	15	128	5	0	4
16	24	282	44	706	707	565	1076	1076	1076	1076	255	223	522	352	Challenger's Cave	0	64	0	163	92	65535	15	128	5	0	4
16	24	282	44	708	709	566	1076	1076	1076	1076	255	223	523	352	Challenger's Cave	0	64	0	163	92	65535	15	128	5	0	4
0	24	282	44	710	711	567	1046	1047	1048	1049	255	223	524	355	Route 10	0	64	0	224	108	433	15	128	424	0	119
11	24	282	44	712	713	568	1081	1081	1081	1081	255	223	525	355	Route 10	0	0	0	224	8	65535	15	128	16	0	16
16	24	282	44	714	715	569	1081	1081	1081	1081	255	223	526	355	Route 10	0	0	0	224	8	65535	15	128	16	0	16
16	24	282	44	716	717	570	1081	1081	1081	1081	255	223	527	355	Route 10	0	0	0	224	8	65535	15	128	16	0	16
16	24	282	44	718	719	571	1081	1081	1081	1081	255	223	528	355	Route 10	0	0	0	224	8	65535	15	128	16	0	16
16	24	282	44	720	721	572	1081	1081	1081	1081	255	223	529	355	Route 10	0	0	0	224	8	65535	15	128	16	0	16
16	24	282	44	722	723	573	1081	1081	1081	1081	255	223	530	355	Route 10	0	0	0	224	8	65535	15	128	16	0	16
16	24	282	44	724	725	574	1081	1081	1081	1081	255	223	531	355	Route 10	0	0	0	224	8	65535	15	128	16	0	16
16	24	282	44	726	727	575	1081	1081	1081	1081	255	223	532	355	Route 10	0	0	0	224	8	65535	15	128	16	0	16
16	24	282	44	728	729	576	1081	1081	1081	1081	255	223	533	355	Route 10	0	0	0	229	8	65535	15	128	16	0	16
0	11	54	0	730	731	577	1050	1051	1052	1053	119	32	534	365	Route 11	4	64	0	0	236	442	63	128	456	0	184
16	24	316	50	732	733	578	1065	1065	1065	1065	255	223	535	365	Bridge Gate	0	0	0	34	77	65535	15	128	5	0	4
16	24	282	65	734	735	579	1050	1051	1052	1053	255	223	536	365	Route 11	0	0	0	33	73	65	15	128	5	0	4
0	12	66	0	736	737	580	1050	1051	1052	1053	120	32	537	368	Route 12	4	64	0	0	236	0	67	128	588	0	184
16	24	316	50	738	739	581	1065	1065	1065	1065	255	223	538	368	Bridge Gate	0	0	0	34	77	65535	15	128	5	0	4
0	12	66	0	740	741	582	1050	1051	1052	1053	121	32	539	370	Route 13	4	64	0	0	236	0	71	128	661	0	200
16	24	328	47	742	743	583	1050	1051	1052	1053	255	223	540	370	Route 13	0	0	0	33	73	47	15	128	5	0	4
16	24	316	12	744	745	584	1065	1065	1065	1065	255	223	541	370	Undella Gate	0	0	0	34	77	65535	15	128	5	0	4
16	24	328	47	746	747	585	1050	1051	1052	1053	255	223	542	370	Route 13	0	0	0	33	73	47	15	128	5	0	4
0	13	70	0	748	749	586	1050	1051	1052	1053	122	96	543	374	Route 14	4	64	0	0	236	0	75	128	718	0	333
16	24	316	12	750	751	587	1065	1065	1065	1065	255	223	544	374	Black Gate	0	0	0	34	77	65535	15	128	5	0	4
16	24	194	190	752	753	588	1080	1080	1080	1080	123	96	545	376	Abundant Shrine	4	64	0	0	236	65535	15	128	5	0	4
16	24	282	46	754	755	589	1080	1080	1080	1080	255	223	546	376	Abundant Shrine	0	0	0	33	73	46	15	128	5	0	4
0	14	78	0	756	757	590	1050	1051	1052	1053	124	32	547	378	Route 15	4	64	0	64	236	0	79	160	608	0	427
16	24	316	50	758	759	591	1065	1065	1065	1065	255	223	548	378	Black Gate	0	0	0	34	77	65535	15	160	5	0	4
16	24	316	131	760	761	592	1065	1065	1065	1065	255	223	549	378	Bridge Gate	0	0	0	34	77	131	15	160	5	0	4
16	24	303	140	762	763	593	1068	1068	1068	1068	255	223	550	381	Poké Transfer Lab	0	0	0	33	73	140	15	160	5	0	4
16	24	282	65	764	765	594	1050	1051	1052	1053	255	223	551	378	Route 15	0	0	0	33	73	65	15	160	5	0	4
0	5	22	0	766	767	595	1042	1043	1044	1045	125	32	552	383	Route 16	4	64	0	0	236	443	83	64	458	0	431
16	24	316	130	768	769	596	1065	1065	1065	1065	255	223	553	383	Bridge Gate	0	0	0	34	77	130	15	64	5	0	4
16	24	202	238	770	771	597	1080	1080	1080	1080	126	96	554	385	Lostlorn Forest	4	0	0	192	236	238	15	64	5	0	4
16	24	282	44	772	773	598	1080	1080	1080	1080	255	31	555	385	Lostlorn Forest	0	0	0	193	72	44	15	64	5	0	4
0	16	122	0	774	775	599	1046	1047	1048	1049	127	32	556	387	Route 18	4	64	0	0	236	0	87	160	662	0	758
16	24	327	91	776	777	600	1046	1047	1048	1049	255	223	557	387	Route 18	0	0	0	33	73	91	15	160	5	0	4
0	0	2	0	778	779	618	1018	1018	1018	1018	255	31	566	389	Nuvema Town	4	64	0	64	236	0	107	160	782	0	750
16	24	284	39	780	781	619	1018	1018	1018	1018	255	223	567	389	Nuvema Town	0	0	0	33	73	39	15	160	5	0	4
16	24	284	40	782	783	620	1018	1018	1018	1018	255	223	568	389	Nuvema Town	0	0	0	33	73	40	15	160	5	0	6
16	24	284	37	784	785	621	1018	1018	1018	1018	255	223	569	389	Nuvema Town	0	0	0	33	73	37	15	160	5	0	4
16	24	284	38	786	787	622	1018	1018	1018	1018	255	223	570	389	Nuvema Town	0	0	0	33	73	38	15	160	5	0	4
16	24	284	35	788	789	623	1018	1018	1018	1018	255	223	571	389	Nuvema Town	0	0	0	33	73	35	15	160	5	0	4
16	24	284	36	790	791	624	1018	1018	1018	1018	255	223	572	389	Nuvema Town	0	0	0	33	73	36	15	160	5	0	4
16	24	285	42	792	793	625	1064	1064	1064	1064	255	223	573	389	Nuvema Town	0	0	0	33	73	42	15	160	5	0	4
0	0	2	0	794	795	626	1019	1019	1019	1019	255	31	574	397	Accumula Town	4	64	0	64	236	0	107	160	796	0	659
16	24	283	13	796	797	627	1060	1060	1060	1060	255	223	575	397	Accumula Town	0	0	6	33	73	13	15	160	5	0	4
16	24	282	26	798	799	628	1019	1019	1019	1019	255	223	576	397	Accumula Town	0	0	0	33	73	26	15	160	5	0	4
16	24	282	27	800	801	629	1019	1019	1019	1019	255	223	577	397	Accumula Town	0	0	0	33	73	27	15	160	5	0	6
16	24	282	26	802	803	630	1019	1019	1019	1019	255	223	578	397	Accumula Town	0	0	0	33	73	26	15	160	5	0	4
16	24	282	27	804	805	631	1019	1019	1019	1019	255	223	579	397	Accumula Town	0	0	0	33	73	27	15	160	5	0	4
16	24	282	26	806	807	632	1019	1019	1019	1019	255	223	580	397	Accumula Town	0	0	0	33	73	26	15	160	5	0	4
16	24	289	32	808	809	633	1019	1019	1019	1019	255	223	581	397	Accumula Town	0	0	0	33	73	32	15	160	5	0	4
16	24	307	45	810	811	634	1019	1019	1019	1019	255	223	582	397	Accumula Town	0	0	0	33	73	45	15	160	5	0	4
0	12	66	0	812	813	635	1021	1021	1021	1021	255	31	583	406	Lacunosa Town	4	64	0	64	236	0	107	128	660	0	186
16	24	283	13	814	815	636	1060	1060	1060	1060	255	223	584	406	Lacunosa Town	0	0	6	33	73	13	15	128	5	0	4
16	24	328	47	816	817	637	1021	1021	1021	1021	255	223	585	406	Lacunosa Town	0	0	0	33	73	47	15	128	5	0	4
16	24	328	47	818	819	638	1021	1021	1021	1021	255	223	586	406	Lacunosa Town	0	0	0	33	73	47	15	128	5	0	4
16	24	328	47	820	821	639	1021	1021	1021	1021	255	223	587	406	Lacunosa Town	0	0	0	33	73	47	15	128	5	0	4
16	24	328	47	822	823	640	1021	1021	1021	1021	255	223	588	406	Lacunosa Town	0	0	0	33	73	47	15	128	5	0	4
0	13	70	0	824	825	641	1022	1023	1024	1025	132	0	589	412	Undella Town	4	64	0	64	236	0	107	128	760	0	301
16	24	283	13	826	827	642	1060	1060	1060	1060	255	223	590	412	Undella Town	0	0	6	33	73	13	15	128	5	0	4
16	24	316	271	828	829	643	1065	1065	1065	1065	255	223	591	412	Bridge Gate	0	0	0	34	77	271	15	128	5	0	4
16	24	282	44	830	831	644	1022	1023	1024	1025	255	223	592	412	Undella Town	0	0	0	33	73	44	15	128	5	0	4
16	24	282	44	832	833	645	1022	1023	1024	1025	255	223	593	412	Undella Town	0	0	0	33	73	44	15	128	5	0	4
16	24	282	44	834	835	646	1022	1023	1024	1025	255	223	594	412	Undella Town	0	0	0	33	73	44	15	128	5	0	4
16	24	134	128	836	837	647	1020	1020	1020	1020	255	31	595	418	Anville Town	4	64	0	32	236	128	107	64	5	0	4
16	24	282	46	838	839	648	1020	1020	1020	1020	255	223	596	418	Anville Town	0	0	0	33	73	46	15	64	5	0	4
16	24	282	46	840	841	649	1020	1020	1020	1020	255	223	597	418	Anville Town	0	0	0	33	73	46	15	64	5	0	4
16	24	282	46	842	843	650	1020	1020	1020	1020	255	223	598	418	Anville Town	0	0	0	33	73	46	15	64	5	0	4
6	24	324	88	844	845	663	1060	1060	1060	1060	255	223	609	422	－－－－－－－－－－	0	0	0	33	73	88	15	0	5	0	4
0	16	122	0	846	847	665	1046	1047	1048	1049	133	96	610	423	Route 17	4	64	0	0	237	0	113	160	724	0	744
27	24	190	356	848	849	670	1036	1036	1036	1036	255	31	612	424	White Forest	4	64	48	192	236	356	11	0	45	0	37
16	24	283	13	850	851	671	1060	1060	1060	1060	255	223	613	424	White Forest	0	0	6	33	73	13	15	0	5	0	4
16	24	282	44	852	853	672	1036	1036	1036	1036	255	223	614	424	White Forest	0	0	0	33	73	44	15	0	5	0	4
0	17	210	0	854	855	169	1104	1104	1104	1104	3	0	163	427	Aspertia City	4	64	0	96	236	0	11	32	47	0	762
16	24	348	257	856	857	173	1104	1104	1104	1104	255	223	167	427	Aspertia City	4	0	0	33	73	257	15	32	13	0	5
16	24	349	406	858	859	174	1104	1104	1104	1104	255	223	168	427	Aspertia City	0	0	0	33	73	406	15	32	5	0	4
16	24	348	258	860	861	175	1104	1104	1104	1104	255	223	169	427	Aspertia City	0	0	0	33	73	258	15	32	5	0	4
16	24	349	406	862	863	176	1104	1104	1104	1104	255	223	170	427	Aspertia City	0	0	0	33	73	406	15	32	5	0	4
16	24	349	262	864	865	177	1104	1104	1104	1104	255	223	171	427	Aspertia City	0	0	0	33	73	262	15	32	5	0	4
16	24	349	406	866	867	178	1104	1104	1104	1104	255	223	172	427	Aspertia City	0	0	0	33	73	406	15	32	5	0	4
16	24	349	262	868	869	179	1104	1104	1104	1104	255	223	173	427	Aspertia City	0	0	0	33	73	262	15	32	5	0	4
16	24	283	13	870	871	172	1060	1060	1060	1060	255	223	166	427	Aspertia City	0	0	6	33	73	13	15	32	5	0	4
0	24	286	51	872	873	170	1104	1104	1104	1104	255	223	164	427	Aspertia City	0	0	0	33	73	65535	15	32	5	0	4
0	18	214	0	874	875	601	1176	1177	1178	1179	128	32	558	437	Route 19	4	64	0	32	236	0	91	32	57	0	695
16	24	316	12	876	877	602	1065	1065	1065	1065	255	223	559	437	Aspertia Gate	0	0	0	34	77	65535	15	32	5	0	4
0	18	214	0	878	879	651	1186	1186	1186	1186	255	31	599	439	Floccesy Town	4	64	0	96	236	0	107	32	105	0	694
16	24	349	259	880	881	653	1186	1186	1186	1186	255	223	601	439	Floccesy Town	0	0	0	33	73	259	15	32	5	0	4
16	24	349	261	882	883	654	1186	1186	1186	1186	255	223	602	439	Floccesy Town	0	0	0	33	73	261	15	32	5	0	4
16	24	349	261	884	885	655	1186	1186	1186	1186	255	223	603	439	Floccesy Town	0	0	0	33	73	261	15	32	5	0	4
16	24	283	13	886	887	652	1060	1060	1060	1060	255	223	600	439	Floccesy Town	0	0	6	33	73	13	15	32	5	0	4
0	18	214	0	888	889	314	1176	1177	1178	1179	44	192	305	444	Floccesy Ranch	4	64	0	32	236	0	15	32	135	0	630
0	24	214	255	890	891	315	1188	1188	1188	1188	45	96	306	444	Floccesy Ranch	4	64	0	32	236	255	15	32	5	0	4
0	18	214	0	892	893	603	1176	1177	1178	1179	129	32	560	446	Route 20	4	64	0	32	236	0	95	32	176	0	665
16	24	316	50	894	895	604	1065	1065	1065	1065	255	223	561	446	Virbank Gate	0	0	0	34	77	65535	15	32	5	0	4
0	19	218	0	896	897	180	1105	1105	1105	1105	4	0	174	448	Virbank City	4	64	0	96	236	0	11	32	210	0	650
16	24	349	261	898	899	184	1105	1105	1105	1105	255	223	178	448	Virbank City	0	0	0	33	73	261	15	32	5	0	4
16	24	282	358	900	901	185	1105	1105	1105	1105	255	223	179	448	Virbank City	0	0	0	33	73	358	15	32	5	0	4
16	24	349	261	902	903	186	1105	1105	1105	1105	255	223	180	448	Virbank City	0	0	0	33	73	261	15	32	5	0	4
16	24	350	260	904	905	187	1105	1105	1105	1105	255	223	181	448	Virbank City	0	0	0	33	73	260	15	32	5	0	4
16	24	316	12	906	907	188	1065	1065	1065	1065	255	223	182	448	Virbank Gate	0	0	0	34	77	65535	15	32	5	0	4
16	24	283	13	908	909	183	1060	1060	1060	1060	255	223	177	448	Virbank City	0	0	6	33	73	13	15	32	5	0	4
0	24	301	55	910	911	181	1100	1100	1100	1100	255	223	175	448	Virbank City	0	0	0	33	73	65535	15	32	5	0	4
0	19	218	0	912	913	316	1105	1105	1105	1105	46	160	307	456	Virbank Complex	4	64	0	96	236	0	15	32	210	0	686
0	24	218	256	914	915	317	1189	1189	1189	1189	47	32	308	456	Virbank Complex	4	64	0	64	236	256	15	32	5	0	4
0	21	226	0	916	917	657	1187	1187	1187	1187	255	95	605	458	Lentimas Town	4	64	0	96	236	0	107	128	634	0	305
16	24	347	263	918	919	659	1187	1187	1187	1187	255	223	607	458	Lentimas Town	0	0	0	33	73	263	15	128	5	0	4
16	24	283	13	920	921	658	1060	1060	1060	1060	255	223	606	458	Lentimas Town	0	0	6	33	73	13	15	128	5	0	4
0	21	226	0	922	923	318	1185	1185	1185	1185	48	64	309	461	Reversal Mountain	4	64	0	224	236	0	15	128	648	0	306
16	24	347	304	924	925	331	1193	1193	1193	1193	61	192	322	462	Strange House	4	64	0	33	89	304	15	128	18	0	27
0	22	230	0	926	927	666	1180	1181	1182	1183	134	160	611	463	Route 21	4	64	0	0	237	0	117	128	783	0	208
21	24	246	273	928	929	431	1199	1199	1199	1199	255	31	411	464	Marine Tube	4	64	78	36	205	273	19	128	0	0	0
0	22	230	0	930	931	189	1106	1106	1106	1106	5	96	183	465	Humilau City	4	64	0	64	236	0	11	128	775	0	178
16	24	351	264	932	933	192	1106	1106	1106	1106	255	223	186	465	Humilau City	0	0	0	33	73	264	15	128	5	0	4
16	24	351	264	934	935	193	1106	1106	1106	1106	255	223	187	465	Humilau City	0	0	0	33	73	264	15	128	5	0	4
16	24	351	264	936	937	194	1106	1106	1106	1106	255	223	188	465	Humilau City	0	0	0	33	73	264	15	128	5	0	4
16	24	351	264	938	939	195	1106	1106	1106	1106	255	223	189	465	Humilau City	0	0	0	33	73	264	15	128	5	0	4
16	24	351	264	940	941	196	1106	1106	1106	1106	255	223	190	465	Humilau City	0	0	0	33	73	264	15	128	5	0	4
16	24	316	272	942	943	197	1065	1065	1065	1065	255	223	191	465	Bridge Gate	0	0	0	34	77	272	15	128	5	0	4
16	24	283	13	944	945	191	1060	1060	1060	1060	255	223	185	465	Humilau City	0	0	6	33	73	13	15	128	5	0	4
0	24	389	336	946	947	190	1221	1221	1221	1221	255	223	184	465	Humilau City	0	0	0	33	73	65535	15	128	5	0	4
0	22	230	0	948	949	605	1180	1181	1182	1183	130	96	562	474	Route 22	4	64	0	0	236	0	99	128	729	0	142
0	23	234	0	950	951	606	1184	1184	1184	1184	131	96	563	475	Route 23	4	0	0	224	236	0	103	128	653	0	134
16	24	282	44	952	953	607	1184	1184	1184	1184	255	223	564	475	Route 23	0	0	0	33	73	44	15	128	5	0	4
16	24	282	44	954	955	608	1184	1184	1184	1184	255	223	565	475	Route 23	0	0	0	33	73	44	15	128	5	0	4
16	24	368	278	956	957	387	1083	1083	1083	1083	255	223	378	478	White Treehollow	0	0	0	33	73	278	15	160	5	0	4
16	24	358	279	958	959	388	1082	1082	1082	1082	255	223	379	478	Black Tower	0	0	0	33	73	279	15	160	5	0	4
16	24	368	280	960	961	389	1085	1085	1085	1085	255	223	380	478	White Treehollow	0	0	0	33	73	280	15	160	5	0	4
16	24	358	281	962	963	390	1084	1084	1084	1084	255	223	381	478	Black Tower	0	0	0	33	73	281	15	160	5	0	4
16	24	368	282	964	965	391	1085	1085	1085	1085	255	223	382	478	White Treehollow	0	0	0	33	73	282	15	160	5	0	4
16	24	358	283	966	967	392	1084	1084	1084	1084	255	223	383	478	Black Tower	0	0	0	33	73	283	15	160	5	0	4
16	24	358	284	968	969	393	1084	1084	1084	1084	255	223	384	478	Black Tower	0	0	0	33	73	284	15	160	5	0	4
16	24	368	285	970	971	394	1085	1085	1085	1085	255	223	385	478	White Treehollow	0	0	0	33	73	285	15	160	5	0	4
16	24	358	286	972	973	395	1084	1084	1084	1084	255	223	386	478	Black Tower	0	0	0	33	73	286	15	160	5	0	4
16	24	368	287	974	975	396	1085	1085	1085	1085	255	223	387	478	White Treehollow	0	0	0	33	73	287	15	160	5	0	4
0	24	302	274	976	977	36	1098	1098	1098	1098	255	223	30	28	Castelia City	0	0	24	37	73	65535	15	64	5	0	4
0	24	258	275	978	979	171	1062	1062	1062	1062	255	223	165	427	Aspertia City	0	0	0	97	72	65535	15	32	5	0	4
25	24	353	376	980	981	203	1226	1226	1226	1226	255	191	197	490	Join Avenue	4	64	88	34	77	429	11	64	15	0	77
26	24	353	375	982	983	204	1226	1226	1226	1226	255	223	198	490	Join Avenue	0	0	0	33	73	375	15	64	5	0	4
16	24	368	288	984	985	397	1085	1085	1085	1085	255	223	388	478	White Treehollow	0	0	0	33	73	288	15	160	5	0	4
16	24	358	289	986	987	398	1084	1084	1084	1084	255	223	389	478	Black Tower	0	0	0	33	73	289	15	160	5	0	4
16	24	289	291	988	989	67	1028	1028	1028	1028	255	223	61	28	Castelia City	0	0	0	33	73	291	15	64	5	0	4
0	24	298	293	990	991	295	1190	1190	1190	1190	37	0	286	495	Castelia Sewers	4	0	0	35	89	293	15	64	5	0	4
16	24	298	294	992	993	296	1190	1190	1190	1190	38	192	287	495	Castelia Sewers	0	64	0	35	89	294	15	64	5	0	4
16	24	298	294	994	995	297	1190	1190	1190	1190	39	192	288	495	Castelia Sewers	0	0	0	35	89	294	15	64	5	0	4
16	24	298	295	996	997	298	1190	1190	1190	1190	40	192	289	495	Castelia Sewers	0	64	0	35	89	295	15	64	5	0	4
16	24	298	295	998	999	299	1190	1190	1190	1190	41	192	290	495	Castelia Sewers	0	0	0	35	89	295	15	64	5	0	4
16	24	186	296	1000	1001	48	1028	1028	1028	1028	1	128	42	28	Castelia City	4	64	0	64	108	296	15	64	0	0	0
16	24	274	297	1002	1003	49	1028	1028	1028	1028	255	31	43	28	Castelia City	4	64	0	64	236	297	15	64	0	0	0
0	24	301	120	1004	1005	182	1100	1100	1100	1100	255	223	176	448	Virbank City	0	0	0	33	73	65535	15	32	5	0	4
16	24	332	298	1006	1007	375	1076	1076	1076	1076	81	64	366	503	Relic Passage	4	0	0	163	92	298	15	64	5	0	4
0	24	332	299	1008	1009	376	1076	1076	1076	1076	82	64	367	503	Relic Passage	4	0	0	163	92	299	15	96	5	0	4
16	24	332	300	1010	1011	377	1076	1076	1076	1076	83	64	368	503	Relic Passage	4	0	0	163	92	300	15	96	5	0	4
0	24	332	301	1012	1013	378	1077	1077	1077	1077	84	64	369	506	Clay Tunnel	4	0	0	131	92	65535	15	160	5	0	4
0	24	332	302	1014	1015	379	1077	1077	1077	1077	85	64	370	506	Clay Tunnel	4	0	0	131	92	65535	15	160	5	0	4
0	24	332	303	1016	1017	380	1077	1077	1077	1077	86	64	371	506	Clay Tunnel	4	0	0	131	92	65535	15	160	5	0	4
16	24	332	311	1018	1019	262	1197	1197	1197	1197	255	223	253	198	Twist Mountain	12	64	0	131	92	311	15	160	5	0	4
16	24	347	305	1020	1021	332	1193	1193	1193	1193	62	192	323	462	Strange House	0	0	0	33	89	305	15	128	5	0	4
16	24	347	306	1022	1023	333	1193	1193	1193	1193	63	192	324	462	Strange House	0	0	0	33	89	306	15	128	5	0	4
16	24	347	307	1024	1025	334	1193	1193	1193	1193	64	192	325	462	Strange House	0	0	0	33	89	307	15	128	5	0	4
16	24	347	308	1026	1027	335	1193	1193	1193	1193	65	192	326	462	Strange House	0	0	0	33	89	308	15	128	5	0	4
16	24	347	309	1028	1029	336	1193	1193	1193	1193	66	192	327	462	Strange House	0	0	0	33	89	309	15	128	5	0	4
0	24	332	312	1030	1031	399	1076	1076	1076	1076	93	64	390	515	Seaside Cave	4	0	0	131	92	312	15	128	5	0	4
0	24	332	313	1032	1033	400	1076	1076	1076	1076	94	64	391	515	Seaside Cave	0	0	0	163	92	313	15	128	5	0	4
0	24	380	310	1034	1035	401	1198	1198	1198	1198	255	223	392	517	Cave of Being	0	0	0	131	88	310	15	32	5	0	4
16	24	262	314	1036	1037	402	1264	1264	1264	1264	255	223	393	518	Hidden Grotto	0	0	0	193	72	314	15	0	5	0	4
16	24	282	27	1038	1039	527	1042	1043	1044	1045	255	223	484	326	Route 4	0	0	0	33	73	27	15	64	5	0	4
16	24	282	26	1040	1041	529	1042	1043	1044	1045	255	223	486	326	Route 4	0	0	0	33	73	26	15	64	5	0	4
16	24	282	27	1042	1043	530	1042	1043	1044	1045	255	223	487	326	Route 4	0	0	0	33	73	27	15	64	5	0	4
16	24	282	26	1044	1045	531	1042	1043	1044	1045	255	223	488	326	Route 4	0	0	0	33	73	26	15	64	5	0	4
16	24	282	27	1046	1047	532	1042	1043	1044	1045	255	223	489	326	Route 4	0	0	0	33	73	27	15	64	5	0	4
16	24	282	26	1048	1049	533	1042	1043	1044	1045	255	223	490	326	Route 4	0	0	0	33	73	26	15	64	5	0	4
16	24	282	27	1050	1051	534	1042	1043	1044	1045	255	223	491	326	Route 4	0	0	0	33	73	27	15	64	5	0	4
16	24	291	396	1052	1053	535	1042	1043	1044	1045	255	223	492	326	Route 4	0	0	0	33	73	396	15	64	5	0	4
16	24	291	396	1054	1055	536	1042	1043	1044	1045	255	223	493	326	Route 4	0	0	0	33	73	396	15	64	5	0	4
16	24	291	396	1056	1057	537	1042	1043	1044	1045	255	223	494	326	Route 4	0	0	0	33	73	396	15	64	5	0	4
16	24	291	396	1058	1059	538	1042	1043	1044	1045	255	223	495	326	Route 4	0	0	0	33	73	396	15	64	5	0	4
16	24	291	396	1060	1061	539	1042	1043	1044	1045	255	223	496	326	Route 4	0	0	0	33	73	396	15	64	5	0	4
0	24	346	322	1062	1063	319	1192	1192	1192	1192	49	192	310	461	Reversal Mountain	0	0	0	131	92	322	15	128	5	0	4
0	24	346	323	1064	1065	320	1192	1192	1192	1192	50	64	311	461	Reversal Mountain	0	0	0	131	92	323	15	128	5	0	4
0	24	346	324	1066	1067	321	1192	1192	1192	1192	51	64	312	461	Reversal Mountain	0	0	0	131	92	324	15	128	5	0	4
0	24	346	325	1068	1069	322	1192	1192	1192	1192	52	192	313	461	Reversal Mountain	0	0	0	131	92	325	15	128	5	0	4
0	24	346	326	1070	1071	323	1192	1192	1192	1192	53	192	314	461	Reversal Mountain	0	0	0	131	92	326	15	128	5	0	4
0	24	346	329	1072	1073	324	1192	1192	1192	1192	54	192	315	461	Reversal Mountain	4	0	0	131	92	329	15	128	5	0	4
0	24	388	330	1074	1075	325	1191	1191	1191	1191	55	192	316	461	Reversal Mountain	0	0	0	131	92	330	15	128	5	0	4
0	24	388	327	1076	1077	326	1191	1191	1191	1191	56	64	317	461	Reversal Mountain	0	0	0	131	92	327	15	128	5	0	4
0	24	388	328	1078	1079	327	1191	1191	1191	1191	57	64	318	461	Reversal Mountain	0	0	0	131	92	328	15	128	5	0	4
0	24	388	331	1080	1081	328	1191	1191	1191	1191	58	192	319	461	Reversal Mountain	0	0	0	131	92	331	15	128	5	0	4
0	24	388	332	1082	1083	329	1191	1191	1191	1191	59	192	320	461	Reversal Mountain	0	0	0	131	92	332	15	128	5	0	4
0	24	388	333	1084	1085	330	1191	1191	1191	1191	60	192	321	461	Reversal Mountain	4	0	0	131	92	333	15	128	5	0	4
16	24	329	321	1086	1087	112	1030	1030	1030	1030	255	223	106	96	Driftveil City	0	0	0	33	73	321	15	96	5	0	4
16	24	329	321	1088	1089	113	1030	1030	1030	1030	255	223	107	96	Driftveil City	0	0	0	33	73	321	15	96	5	0	4
16	24	329	320	1090	1091	115	1030	1030	1030	1030	255	223	109	96	Driftveil City	0	0	0	33	73	320	15	96	5	0	4
16	24	329	320	1092	1093	116	1030	1030	1030	1030	255	223	110	96	Driftveil City	0	0	0	33	73	320	15	96	5	0	4
16	24	329	320	1094	1095	118	1030	1030	1030	1030	255	223	112	96	Driftveil City	0	0	0	33	73	320	15	96	5	0	4
16	24	329	321	1096	1097	119	1030	1030	1030	1030	255	223	113	96	Driftveil City	0	0	0	33	73	321	15	96	5	0	4
16	24	329	320	1098	1099	121	1030	1030	1030	1030	255	223	115	96	Driftveil City	0	0	0	33	73	320	15	96	5	0	4
16	24	329	321	1100	1101	122	1030	1030	1030	1030	255	223	116	96	Driftveil City	0	0	0	33	73	321	15	96	5	0	4
0	3	250	0	1102	1103	540	1042	1043	1044	1045	105	32	497	326	Route 4	4	3	0	64	237	0	35	64	430	0	491
16	24	278	338	1104	1105	353	1194	1194	1194	1194	255	223	344	552	Plasma Frigate	0	0	0	33	89	338	15	96	5	0	4
16	24	379	339	1106	1107	354	1194	1194	1194	1194	255	223	345	552	Plasma Frigate	0	0	0	33	89	339	15	128	5	0	4
16	24	379	340	1108	1109	355	1194	1194	1194	1194	255	223	346	552	Plasma Frigate	0	0	0	33	89	340	15	128	5	0	4
16	24	379	341	1110	1111	356	1195	1195	1195	1195	255	223	347	552	Plasma Frigate	0	0	0	33	89	341	15	128	5	0	4
16	24	379	342	1112	1113	357	1194	1194	1194	1194	255	223	348	552	Plasma Frigate	0	0	0	33	89	342	15	128	5	0	4
16	24	379	343	1114	1115	358	1196	1196	1196	1196	255	223	349	552	Plasma Frigate	0	0	0	33	89	343	15	128	5	0	4
16	24	379	344	1116	1117	359	1194	1194	1194	1194	255	223	350	552	Plasma Frigate	0	0	0	33	89	344	15	128	5	0	4
16	24	379	345	1118	1119	360	1194	1194	1194	1194	255	223	351	552	Plasma Frigate	0	0	0	33	89	345	15	128	5	0	4
16	24	379	346	1120	1121	361	1194	1194	1194	1194	255	223	352	552	Plasma Frigate	0	0	0	33	89	346	15	128	5	0	4
16	24	379	347	1122	1123	362	1195	1195	1195	1195	255	223	353	552	Plasma Frigate	0	0	0	33	89	347	15	128	5	0	4
16	24	278	348	1124	1125	363	1194	1194	1194	1194	255	223	354	552	Plasma Frigate	0	0	0	33	89	348	15	128	5	0	4
16	24	379	349	1126	1127	364	1194	1194	1194	1194	255	223	355	552	Plasma Frigate	0	0	0	33	89	349	15	128	5	0	4
16	24	379	350	1128	1129	365	1195	1195	1195	1195	255	223	356	552	Plasma Frigate	0	0	0	33	89	350	15	128	5	0	4
0	24	332	351	1130	1131	381	1197	1197	1197	1197	87	192	372	506	Underground Ruins	0	0	0	131	92	65535	15	160	5	0	4
0	24	242	380	1132	1133	198	1203	1203	1203	1203	255	31	192	566	Pokéstar Studios	4	0	0	64	236	380	11	32	31	0	50
0	24	378	361	1134	1135	199	1203	1203	1203	1203	255	223	193	566	Pokéstar Studios	0	0	0	33	73	361	15	32	5	0	4
0	24	378	360	1136	1137	200	1203	1203	1203	1203	255	223	194	566	Pokéstar Studios	0	0	0	33	73	360	15	32	5	0	4
16	24	347	352	1138	1139	337	1193	1193	1193	1193	67	0	328	462	Strange House	0	0	0	33	89	352	15	128	5	0	4
16	24	347	353	1140	1141	338	1193	1193	1193	1193	68	192	329	462	Strange House	0	0	0	33	89	353	15	128	5	0	4
16	24	347	354	1142	1143	339	1193	1193	1193	1193	69	192	330	462	Strange House	0	0	0	33	89	354	15	128	5	0	4
16	24	347	355	1144	1145	340	1193	1193	1193	1193	70	0	331	462	Strange House	0	0	0	33	89	355	15	128	5	0	4
24	24	150	337	1146	1147	342	1081	1081	1081	1081	255	95	333	573	Victory Road	4	0	0	224	172	337	15	128	43	0	18
0	24	378	362	1148	1149	201	1203	1203	1203	1203	255	223	195	566	Pokéstar Studios	0	0	0	33	73	362	15	32	5	0	4
16	24	379	363	1150	1151	366	1194	1194	1194	1194	255	223	357	552	Plasma Frigate	0	0	0	33	89	363	15	128	5	0	4
16	24	379	364	1152	1153	367	1194	1194	1194	1194	255	223	358	552	Plasma Frigate	0	0	0	33	89	364	15	128	5	0	4
16	24	379	365	1154	1155	368	1194	1194	1194	1194	255	223	359	552	Plasma Frigate	0	0	0	33	89	365	15	128	5	0	4
16	24	379	366	1156	1157	369	1194	1194	1194	1194	255	223	360	552	Plasma Frigate	0	0	0	33	89	366	15	128	5	0	4
16	24	379	367	1158	1159	370	1194	1194	1194	1194	255	223	361	552	Plasma Frigate	0	0	0	33	89	367	15	128	5	0	4
16	24	379	368	1160	1161	371	1194	1194	1194	1194	255	223	362	552	Plasma Frigate	0	0	0	33	89	368	15	128	5	0	4
16	24	379	369	1162	1163	372	1194	1194	1194	1194	255	223	363	552	Plasma Frigate	0	0	0	33	89	369	15	128	5	0	4
16	24	379	370	1164	1165	373	1194	1194	1194	1194	255	223	364	552	Plasma Frigate	0	0	0	33	89	370	15	128	5	0	4
16	24	379	371	1166	1167	374	1194	1194	1194	1194	255	223	365	552	Plasma Frigate	0	0	0	33	89	371	15	128	5	0	4
0	24	134	372	1168	1169	403	1080	1080	1080	1080	95	192	394	584	Nature Preserve	4	0	0	224	76	372	15	160	5	0	4
10	24	391	379	1170	1171	106	1029	1029	1029	1029	255	223	100	62	Nimbasa City	0	0	0	33	73	65535	15	64	5	0	4
0	24	378	381	1172	1173	202	1203	1203	1203	1203	255	223	196	566	Pokéstar Studios	0	0	0	33	73	381	15	32	5	0	4
16	24	392	382	1174	1175	343	1081	1081	1081	1081	71	64	334	573	Victory Road	0	0	0	131	92	382	15	128	5	0	4
16	24	106	383	1176	1177	344	1081	1081	1081	1081	72	96	335	573	Victory Road	0	0	0	192	108	383	15	128	5	0	4
16	24	234	384	1178	1179	345	1081	1081	1081	1081	73	96	336	573	Victory Road	0	0	0	224	236	384	15	128	5	0	4
16	24	332	385	1180	1181	346	1081	1081	1081	1081	74	64	337	573	Victory Road	0	0	0	131	92	385	15	128	5	0	4
16	24	332	386	1182	1183	347	1081	1081	1081	1081	75	64	338	573	Victory Road	0	0	0	163	92	386	15	128	5	0	4
16	24	234	387	1184	1185	348	1081	1081	1081	1081	76	96	339	573	Victory Road	0	0	0	224	236	387	15	128	5	0	4
16	24	332	388	1186	1187	349	1081	1081	1081	1081	77	160	340	573	Victory Road	0	0	0	131	92	388	15	128	5	0	4
16	24	392	389	1188	1189	350	1081	1081	1081	1081	78	64	341	573	Victory Road	0	0	0	131	92	389	15	128	5	0	4
16	24	234	390	1190	1191	351	1081	1081	1081	1081	79	96	342	573	Victory Road	0	0	0	224	236	390	15	128	5	0	4
16	24	392	391	1192	1193	352	1081	1081	1081	1081	80	192	343	573	Victory Road	0	0	0	131	92	391	15	128	5	0	4
16	24	394	399	1194	1195	459	1095	1095	1095	1095	255	223	427	6	Striaton City	0	0	0	33	73	399	15	160	5	0	4
0	24	397	404	1196	1197	460	1095	1095	1095	1095	255	223	428	16	Nacrene City	0	0	0	33	73	65535	15	160	5	0	4
16	24	394	400	1198	1199	465	1095	1095	1095	1095	255	223	433	412	Undella Town	0	0	0	33	73	400	15	128	5	0	4
16	24	395	401	1200	1201	466	1095	1095	1095	1095	255	223	434	439	Floccesy Town	0	0	0	33	73	401	15	128	5	0	4
16	24	396	402	1202	1203	463	1095	1095	1095	1095	255	223	431	120	Opelucid City	0	0	0	33	73	402	15	128	5	0	4
16	24	283	54	1204	1205	341	1081	1081	1081	1081	255	223	332	573	Victory Road	0	0	6	33	9	54	15	128	16	0	16
16	24	398	405	1206	1207	462	1095	1095	1095	1095	255	223	430	96	Driftveil City	0	0	0	33	73	405	15	96	5	0	4
28	24	332	397	1208	1209	294	1079	1079	1079	1079	255	223	285	230	Giant Chasm	0	64	0	163	92	397	15	128	5	0	4
16	24	393	398	1210	1211	429	1058	1058	1058	1058	255	223	409	255	Village Bridge	0	0	0	33	73	398	15	128	5	0	4
16	24	399	407	1212	1213	461	1095	1095	1095	1095	255	223	429	62	Musical Theater	0	0	0	33	73	407	15	64	5	0	4
16	24	400	408	1214	1215	464	1095	1095	1095	1095	255	223	432	194	Chargestone Cave	0	0	0	129	76	408	15	96	5	0	4
16	24	347	263	1216	1217	660	1187	1187	1187	1187	255	223	608	458	Lentimas Town	0	0	0	33	73	263	15	128	5	0	4
0	24	332	409	1218	1219	382	1197	1197	1197	1197	88	192	373	506	Underground Ruins	0	0	0	131	92	65535	15	160	5	0	4
0	24	332	410	1220	1221	383	1197	1197	1197	1197	89	192	374	506	Underground Ruins	0	0	0	131	92	65535	15	160	5	0	4
0	24	332	411	1222	1223	384	1197	1197	1197	1197	90	192	375	506	Rock Peak Chamber	0	0	0	131	92	65535	15	160	5	0	4
0	24	332	412	1224	1225	385	1197	1197	1197	1197	91	192	376	506	Iceberg Chamber	0	0	0	131	92	65535	15	160	5	0	4
0	24	332	413	1226	1227	386	1197	1197	1197	1197	92	192	377	506	Iron Chamber	0	0	0	131	92	65535	15	160	5	0	4
16	24	214	414	1228	1229	656	1075	1075	1075	1075	255	223	604	439	Pledge Grove	0	0	0	192	236	414	15	32	5	0	4